n,q,name,space,sum,time
1000,2000000,"Naive",16,1564716113307259163,59.4304375
1000,2000000,"CachedQuery",4004032,1564716113307259163,1.0992295
1000,2000000,"SparseTable",80032,1564716113307259163,1.389625
1000,2000000,"SegmentTree",16032,1564716113307259163,14.916542
1000,2000000,"Block<4>",16048,1564716113307259163,13.143979
1000,2000000,"Block<64>",688,1564716113307259163,29.4455
1000,2000000,"Block<512>",80,1564716113307259163,59.131729
1000,2000000,"PrecomputeBlock<4>",32096,1564716113307259163,2.093375
1000,2000000,"PrecomputeBlock<64>",16736,1564716113307259163,6.1544375
1000,2000000,"PrecomputeBlock<512>",16128,1564716113307259163,59.1701875
1000,2000000,"CartesianTree<6>",13153,1564716113307259163,4.3499165
1000,2000000,"CartesianTree<8>",11592,1564716113307259163,3.6034795
1000,2000000,"CartesianTree<16>",11940,1564716113307259163,3.7817295
1000,2000000,"CartesianTree<32>",18656,1564716113307259163,4.0382705
3000,2000000,"Naive",16,1562898586266155235,188.2372915
3000,2000000,"CachedQuery",36012032,1562898586266155235,4.8859165
3000,2000000,"SparseTable",288032,1562898586266155235,1.4402705
3000,2000000,"SegmentTree",48032,1562898586266155235,17.2806875
3000,2000000,"Block<4>",60048,1562898586266155235,13.214854
3000,2000000,"Block<64>",2304,1562898586266155235,30.2244375
3000,2000000,"Block<512>",192,1562898586266155235,80.353021
3000,2000000,"PrecomputeBlock<4>",108096,1562898586266155235,2.0386665
3000,2000000,"PrecomputeBlock<64>",50352,1562898586266155235,3.4313125
3000,2000000,"PrecomputeBlock<512>",48240,1562898586266155235,34.141458
3000,2000000,"CartesianTree<6>",40427,1562898586266155235,4.307875
3000,2000000,"CartesianTree<8>",39036,1562898586266155235,3.5043545
3000,2000000,"CartesianTree<16>",38448,1562898586266155235,3.5281665
3000,2000000,"CartesianTree<32>",55368,1562898586266155235,3.652667
10000,2000000,"Naive",16,6804948047650037368,645.814375
10000,2000000,"CachedQuery",400040032,6804948047650037368,10.484625
10000,2000000,"SparseTable",1120032,6804948047650037368,1.5905205
10000,2000000,"SegmentTree",160032,6804948047650037368,19.7358335
10000,2000000,"Block<4>",240048,6804948047650037368,13.349771
10000,2000000,"Block<64>",10096,6804948047650037368,30.390458
10000,2000000,"Block<512>",848,6804948047650037368,85.303646
10000,2000000,"PrecomputeBlock<4>",400096,6804948047650037368,2.3675
10000,2000000,"PrecomputeBlock<64>",170144,6804948047650037368,2.501625
10000,2000000,"PrecomputeBlock<512>",160896,6804948047650037368,13.032021
10000,2000000,"CartesianTree<6>",156169,6804948047650037368,4.337417
10000,2000000,"CartesianTree<8>",137308,6804948047650037368,3.7195205
10000,2000000,"CartesianTree<16>",137596,6804948047650037368,3.8485415
10000,2000000,"CartesianTree<32>",189148,6804948047650037368,3.7920415
30000,2000000,"SparseTable",3600032,6740525527070845088,2.151854
30000,2000000,"SegmentTree",480032,6740525527070845088,22.8367085
30000,2000000,"Block<4>",780048,6740525527070845088,13.2110625
30000,2000000,"Block<64>",33816,6740525527070845088,30.4583125
30000,2000000,"Block<512>",2880,6740525527070845088,91.0917705
30000,2000000,"PrecomputeBlock<4>",1260096,6740525527070845088,3.0489375
30000,2000000,"PrecomputeBlock<64>",513864,6740525527070845088,2.3755625
30000,2000000,"PrecomputeBlock<512>",482928,6740525527070845088,6.199896
30000,2000000,"CartesianTree<6>",542868,6740525527070845088,4.6558335
30000,2000000,"CartesianTree<8>",409980,6740525527070845088,4.317354
30000,2000000,"CartesianTree<16>",427596,6740525527070845088,4.6016875
30000,2000000,"CartesianTree<32>",574152,6740525527070845088,4.249271
100000,2000000,"SparseTable",13600032,13498746549499693316,2.861542
100000,2000000,"SegmentTree",1600032,13498746549499693316,25.371917
100000,2000000,"Block<4>",3000048,13498746549499693316,13.9879585
100000,2000000,"Block<64>",137592,13498746549499693316,30.6443335
100000,2000000,"Block<512>",12592,13498746549499693316,95.1306045
100000,2000000,"PrecomputeBlock<4>",4600096,13498746549499693316,3.4216875
100000,2000000,"PrecomputeBlock<64>",1737640,13498746549499693316,2.6053545
100000,2000000,"PrecomputeBlock<512>",1612640,13498746549499693316,3.498729
100000,2000000,"CartesianTree<6>",2069597,13498746549499693316,5.641646
100000,2000000,"CartesianTree<8>",1494988,13498746549499693316,5.17575
100000,2000000,"CartesianTree<16>",1524416,13498746549499693316,5.9221875
100000,2000000,"CartesianTree<32>",1962596,13498746549499693316,5.5877085
300000,2000000,"SparseTable",45600032,7580170812082002888,5.56475
300000,2000000,"SegmentTree",4800032,7580170812082002888,29.889125
300000,2000000,"Block<4>",10200048,7580170812082002888,13.818875
300000,2000000,"Block<64>",487600,7580170812082002888,30.46425
300000,2000000,"Block<512>",46928,7580170812082002888,96.719854
300000,2000000,"PrecomputeBlock<4>",15000096,7580170812082002888,4.874167
300000,2000000,"PrecomputeBlock<64>",5287648,7580170812082002888,3.2634795
300000,2000000,"PrecomputeBlock<512>",4846976,7580170812082002888,3.5326875
300000,2000000,"CartesianTree<6>",6602868,7580170812082002888,6.29475
300000,2000000,"CartesianTree<8>",4999200,7580170812082002888,6.28225
300000,2000000,"CartesianTree<16>",4864488,7580170812082002888,7.2750415
300000,2000000,"CartesianTree<32>",6037596,7580170812082002888,8.1732915
1000000,2000000,"SparseTable",160000032,13601555051538329949,8.428729
1000000,2000000,"SegmentTree",16000032,13601555051538329949,61.8613125
1000000,2000000,"Block<4>",36000048,13601555051538329949,16.8959375
1000000,2000000,"Block<64>",1750048,13601555051538329949,31.7906875
1000000,2000000,"Block<512>",172000,13601555051538329949,106.527479
1000000,2000000,"PrecomputeBlock<4>",52000096,13601555051538329949,10.389396
1000000,2000000,"PrecomputeBlock<64>",17750096,13601555051538329949,6.3326875
1000000,2000000,"PrecomputeBlock<512>",16172048,13601555051538329949,8.317479
1000000,2000000,"CartesianTree<6>",24669605,13601555051538329949,13.429854
1000000,2000000,"CartesianTree<8>",17551468,13601555051538329949,11.021604
1000000,2000000,"CartesianTree<16>",16657888,13601555051538329949,19.6755625
1000000,2000000,"CartesianTree<32>",20375096,13601555051538329949,20.412521
3000000,2000000,"SparseTable",528000032,5965710521112128322,10.790292
3000000,2000000,"SegmentTree",48000032,5965710521112128322,133.5079795
3000000,2000000,"Block<4>",120000048,5965710521112128322,22.715104
3000000,2000000,"Block<64>",6000048,5965710521112128322,50.4725835
3000000,2000000,"Block<512>",609488,5965710521112128322,207.8907295
3000000,2000000,"PrecomputeBlock<4>",168000096,5965710521112128322,13.9388125
3000000,2000000,"PrecomputeBlock<64>",54000096,5965710521112128322,11.928125
3000000,2000000,"PrecomputeBlock<512>",48609536,5965710521112128322,11.2193125
3000000,2000000,"CartesianTree<6>",78002868,5965710521112128322,23.0527915
3000000,2000000,"CartesianTree<8>",58551576,5965710521112128322,21.5281455
3000000,2000000,"CartesianTree<16>",52454224,5965710521112128322,35.126625
3000000,2000000,"CartesianTree<32>",62625096,5965710521112128322,34.956104
10000000,2000000,"SparseTable",1920000032,13167953467119810824,20.7589375
10000000,2000000,"SegmentTree",160000032,13167953467119810824,180.072083
10000000,2000000,"Block<4>",440000048,13167953467119810824,26.6239165
10000000,2000000,"Block<64>",22500048,13167953467119810824,90.1129795
10000000,2000000,"Block<512>",2343888,13167953467119810824,377.180625
10000000,2000000,"PrecomputeBlock<4>",600000096,13167953467119810824,19.207875
10000000,2000000,"PrecomputeBlock<64>",182500096,13167953467119810824,14.77925
10000000,2000000,"PrecomputeBlock<512>",162343936,13167953467119810824,13.33025
10000000,2000000,"CartesianTree<6>",286669613,13167953467119810824,32.2730415
10000000,2000000,"CartesianTree<8>",215051576,13167953467119810824,29.6054165
10000000,2000000,"CartesianTree<16>",179595504,13167953467119810824,44.546833
10000000,2000000,"CartesianTree<32>",213750096,13167953467119810824,47.8978125
